{
	"format_version": "1.8.0",
	"animations": {
		"0": {
			"loop": true,
			"animation_length": 4.16667,
			"bones": {
				"body": {
					"rotation": {
						"vector": [0, 0, -2.5]
					}
				},
				"head": {
					"rotation": {
						"vector": [2.5, 0, -7.5]
					}
				},
				"LeftArm": {
					"rotation": {
						"vector": [0, 0, 15]
					}
				},
				"LeftArmLower": {
					"rotation": {
						"vector": [0, 0, -7.5]
					}
				},
				"RightArm": {
					"rotation": {
						"vector": [0, 0, -15]
					}
				},
				"RightArmLower": {
					"rotation": {
						"vector": [0, 0, -47.5]
					}
				},
				"left_leg": {
					"rotation": {
						"vector": [0, -15, 0]
					}
				},
				"right_leg": {
					"rotation": {
						"vector": [0, 5, 5]
					}
				},
				"RightFoot": {
					"rotation": {
						"vector": [0, 0, -5]
					}
				}
			}
		},
		"1": {
			"loop": true,
			"animation_length": 2.33333,
			"bones": {
				"Pivot": {
					"rotation": {
						"vector": [15, 0, 0]
					}
				},
				"body": {
					"rotation": {
						"0.1667": {
							"vector": [-7.5, 0, 0]
						},
						"0.3333": {
							"vector": [0, 0, 0]
						},
						"0.6667": {
							"vector": [0, -7.5, 0]
						},
						"0.875": {
							"vector": [0, -7.5, 0]
						},
						"1.1667": {
							"vector": [5, -4.73684, 0]
						},
						"1.375": {
							"vector": [5, -4.73684, 0]
						},
						"1.6667": {
							"vector": [0, 0, 0]
						},
						"2.0417": {
							"vector": [-7.5, 0, 0]
						},
						"2.3333": {
							"vector": [-7.5, 0, 0]
						}
					}
				},
				"head": {
					"rotation": {
						"0.0": {
							"vector": [-12.60443, 7.32123, 5.86781]
						},
						"0.5": {
							"vector": [-12.60443, 7.32123, 5.86781]
						},
						"0.6667": {
							"vector": [-12.54624, -4.88119, 8.58482]
						},
						"1.0833": {
							"vector": [-12.54624, -4.88119, 8.58482]
						},
						"1.25": {
							"vector": [-7.54624, -4.88119, 8.58482]
						},
						"1.6667": {
							"vector": [-7.54624, -4.88119, 8.58482]
						},
						"1.8333": {
							"vector": [-17.61764, 7.03919, 4.81509]
						},
						"2.1667": {
							"vector": [-17.61764, 7.03919, 4.81509]
						},
						"2.3333": {
							"vector": [-12.60443, 7.32123, 5.86781]
						}
					}
				},
				"RightEye": {
					"position": {
						"0.0": {
							"vector": [-0.4, -0.2, 0]
						},
						"0.5": {
							"vector": [-0.4, -0.2, 0]
						},
						"0.5833": {
							"vector": [0.5, 0, 0]
						},
						"1.0833": {
							"vector": [0.5, 0, 0]
						},
						"1.1667": {
							"vector": [0.3, -0.3, 0]
						},
						"1.6667": {
							"vector": [0.3, -0.3, 0]
						},
						"1.75": {
							"vector": [-0.23, 0.2, 0]
						},
						"2.25": {
							"vector": [-0.23, 0.2, 0]
						},
						"2.3333": {
							"vector": [-0.4, -0.2, 0]
						}
					}
				},
				"LeftArm": {
					"rotation": {
						"0.0": {
							"vector": [9.6658, -2.57594, 47.28217]
						},
						"0.8333": {
							"vector": [9.89006, -12.43141, 45.57131]
						},
						"1.0417": {
							"vector": [9.89006, -12.43141, 45.57131]
						},
						"1.375": {
							"vector": [9.66416, 2.35318, 48.12134]
						},
						"1.625": {
							"vector": [9.88586, 1.07806, 55.51563]
						},
						"1.8333": {
							"vector": [10.07918, -11.23418, 53.34442]
						},
						"2.3333": {
							"vector": [9.6658, -2.57594, 47.28217]
						}
					}
				},
				"LeftArmLower": {
					"rotation": {
						"0.0": {
							"vector": [0, 52.5, 0]
						},
						"0.4167": {
							"vector": [0, 40, 0]
						},
						"1.0417": {
							"vector": [0, 40, 0]
						},
						"2.3333": {
							"vector": [0, 52.5, 0]
						}
					}
				},
				"RightArm": {
					"rotation": {
						"0.375": {
							"vector": [0, 0, -50]
						},
						"0.5833": {
							"vector": [0, 0, -57.5]
						},
						"0.9583": {
							"vector": [0, 0, -57.5]
						},
						"1.6667": {
							"vector": [-1.34359, 7.57475, -64.70433]
						},
						"2.125": {
							"vector": [-1.34359, 7.57475, -64.70433]
						},
						"2.3333": {
							"vector": [0, 0, -50]
						}
					}
				},
				"RightArmLower": {
					"rotation": {
						"0.0": {
							"vector": [0, -35, 0]
						},
						"0.125": {
							"vector": [0, -55, 0]
						},
						"1.0": {
							"vector": [0, -55, 0]
						},
						"1.2083": {
							"vector": [0, -36.49, 0]
						},
						"1.7083": {
							"vector": [0, -36.49, 0]
						},
						"1.875": {
							"vector": [0, -35, 0]
						}
					}
				},
				"left_leg": {
					"rotation": {
						"0.0": {
							"vector": [-10, 0, 0]
						},
						"1.1667": {
							"vector": [-10, 0, 0]
						},
						"1.3333": {
							"vector": [-9.76758, -2.15393, -12.31594]
						},
						"1.8333": {
							"vector": [-9.76758, -2.15393, -12.31594]
						},
						"2.0": {
							"vector": [-10, 0, 0]
						}
					},
					"position": {
						"1.3333": {
							"vector": [0, 0, 0.8]
						},
						"1.8333": {
							"vector": [0, 0, 0.8]
						}
					}
				},
				"LeftFoot": {
					"rotation": {
						"0.0": {
							"vector": [-5.04292, -7.4713, 0.6574]
						},
						"1.1667": {
							"vector": [-5.04292, -7.4713, 0.6574]
						},
						"1.3333": {
							"vector": [-9.07824, -11.6651, 11.26391]
						},
						"1.4583": {
							"vector": [-4.07824, -11.6651, 11.26391]
						},
						"1.8333": {
							"vector": [-4.07824, -11.6651, 11.26391]
						},
						"2.0": {
							"vector": [-5.04292, -7.4713, 0.6574]
						}
					},
					"position": {
						"1.0": {
							"vector": [0, 0, 0]
						},
						"1.3333": {
							"vector": [0, 1, 0]
						},
						"1.4583": {
							"vector": [0, 0, 0]
						},
						"1.8333": {
							"vector": [0, 0, 0]
						}
					}
				},
				"right_leg": {
					"rotation": {
						"0.0": {
							"vector": [0, 20, 0]
						},
						"0.7917": {
							"vector": [0, 20, 0]
						},
						"0.9583": {
							"vector": [-10, 20, 0]
						},
						"1.4583": {
							"vector": [-10, 20, 0]
						},
						"1.5833": {
							"vector": [0, 20, 0]
						}
					},
					"position": {
						"0.0": {
							"vector": [0, 0.3, -1]
						},
						"0.7917": {
							"vector": [0, 0.3, -1]
						},
						"0.9583": {
							"vector": [0, 1.3, -1]
						},
						"1.125": {
							"vector": [0, 0.3, -1.5]
						},
						"1.4583": {
							"vector": [0, 0.3, -1.5]
						},
						"1.5833": {
							"vector": [0, 0.3, -1]
						}
					}
				},
				"RightFoot": {
					"rotation": {
						"0.0": {
							"vector": [-14.87739, -1.93597, -7.24721]
						},
						"1.0": {
							"vector": [-14.87739, -1.93597, -7.24721]
						},
						"1.125": {
							"vector": [-4.87739, -1.93597, -7.24721]
						},
						"1.4167": {
							"vector": [-4.87739, -1.93597, -7.24721]
						},
						"1.5417": {
							"vector": [-14.87739, -1.93597, -7.24721]
						}
					}
				},
				"LeftEye": {
					"position": {
						"0.0": {
							"vector": [-0.4, -0.2, 0]
						},
						"0.5": {
							"vector": [-0.4, -0.2, 0]
						},
						"0.5833": {
							"vector": [0.5, 0, 0]
						},
						"1.0833": {
							"vector": [0.5, 0, 0]
						},
						"1.1667": {
							"vector": [0.3, -0.3, 0]
						},
						"1.6667": {
							"vector": [0.3, -0.3, 0]
						},
						"1.75": {
							"vector": [-0.23, 0.2, 0]
						},
						"2.25": {
							"vector": [-0.23, 0.2, 0]
						},
						"2.3333": {
							"vector": [-0.4, -0.2, 0]
						}
					}
				},
				"LeftEyelid": {
					"rotation": {
						"vector": [0, 0, 0]
					}
				},
				"Propeller": {
					"rotation": {
						"0.0": {
							"vector": [0, 0, 0]
						},
						"0.25": {
							"vector": [0, 45, 0]
						},
						"0.5": {
							"vector": [0, 90, 0]
						},
						"0.75": {
							"vector": [0, 135, 0]
						},
						"1.0": {
							"vector": [0, 180, 0]
						},
						"1.25": {
							"vector": [0, 225, 0]
						},
						"1.5": {
							"vector": [0, 270, 0]
						},
						"1.75": {
							"vector": [0, 315, 0]
						},