{
	"format_version": "1.8.0",
	"animations": {
		"0": {
			"loop": true,
			"animation_length": 3,
			"bones": {
				"Torso": {
					"rotation": {
						"0.0": [0, 0, 0],
						"0.25": [0, -10, 0],
						"0.375": [-0.24704, -9.96063, 0.47785],
						"0.5833": [0, -10.5, 0],
						"0.75": [0, -10.5, 0],
						"1.5": [0, 4.5, 0],
						"1.625": [0.24483, 5.71251, -0.41058],
						"1.75": [0, 4.5, 0],
						"2.25": [0, -0.5, 0],
						"2.5833": [0.05521, -0.64478, -0.49726],
						"3.0": [0, 0, 0]
					}
				},
				"EarR": {
					"rotation": {
						"0.0": [-2.50238, 2.49762, -0.10912],
						"0.3333": [-2.6089, 2.38613, -2.6089],
						"0.5833": [-2.4833, 2.51592, 0.31949],
						"1.0": [-7.48988, 2.50961, 0.17169],
						"1.7917": [-2.50238, 2.49762, -0.10912],
						"1.875": [0, 0, -15],
						"1.9583": [0, 0, -9],
						"2.125": [0, 0, -9],
						"2.2917": [0, 0, 0]
					}
				},
				"Top": {
					"rotation": {
						"0.0": [35, 0, 0],
						"0.5833": [35, 0, 0],
						"0.7083": [60, 0, 0],
						"0.8333": [57.5, 0, 0],
						"0.9167": [45, 0, 0],
						"1.0417": [7.5, 0, 0],
						"1.1667": [60, 0, 0],
						"1.2917": [57.5, 0, 0],
						"1.375": [45, 0, 0],
						"1.5": [57.5, 0, 0],
						"1.7917": [57.5, 0, 0],
						"1.875": [-2.5, 0, 0],
						"2.0": [10, 0, 0],
						"2.1667": [-2.5, 0, 0],
						"2.4167": [37.5, 0, 0],
						"2.5": [30, 0, 0],
						"2.7083": [35, 0, 0]
					}
				},
				"EarL": {
					"rotation": {
						"0.0": [0, -2.5, 0],
						"0.3333": [0.10912, -2.49762, -2.50238],
						"0.5833": [-0.01871, -2.49959, 0.42898],
						"1.0": [-2.51226, -2.49973, 0.28106],
						"1.7917": [0, -2.5, 0],
						"1.875": [0, 0, 15],
						"1.9583": [0, 0, 10],
						"2.125": [0, 0, 10],
						"2.375": [0, 0, 0]
					}
				},
				"Top2": {
					"rotation": {
						"0.0": [22.5, 0, 0],
						"0.5833": [22.5, 0, 0],
						"0.7083": [60, 0, 0],
						"0.8333": [57.5, 0, 0],
						"0.9167": [45, 0, 0],
						"1.0417": [7.5, 0, 0],
						"1.1667": [60, 0, 0],
						"1.2917": [57.5, 0, 0],
						"1.375": [45, 0, 0],
						"1.5": [57.5, 0, 0],
						"1.7917": [57.5, 0, 0],
						"1.875": [-2.5, 0, 0],
						"2.0": [10, 0, 0],
						"2.1667": [-2.5, 0, 0],
						"2.4167": [37.5, 0, 0],
						"2.5": [30, 0, 0],
						"2.7083": [22.5, 0, 0]
					}
				},
				"ArmR": {
					"rotation": {
						"0.125": [-25.69284, -16.88547, 27.1653],
						"0.375": [-25.89572, -16.55911, 27.87039],
						"0.7083": [-25.69284, -16.88547, 27.1653]
					}
				},
				"LarmR": {
					"rotation": {
						"0.25": [-70.76953, -4.65395, 21.97684],
						"0.4583": [-72.26953, -4.65395, 21.97684],
						"0.75": [-70.76953, -4.65395, 21.97684]
					}
				},
				"HandR": {
					"rotation": {
						"0.2083": [-9.8423, 2.55868, -62.94761],
						"0.375": [-9.84431, 2.805, -62.99039],
						"0.5417": [-9.8423, 2.55868, -62.94761],
						"1.5833": [-9.8423, 2.55868, -62.94761],
						"1.7083": [-9.8374, 1.81971, -62.81934],
						"2.125": [-9.8423, 2.55868, -62.94761]
					}
				},
				"Guitar": {
					"rotation": [2.52154, -7.49282, -0.32902],
					"position": [0, -4.25, 0.75]
				},
				"ArmL": {
					"rotation": {
						"1.375": [-43.74129, 3.10131, -39.08475],
						"1.7083": [-33.98179, 10.12546, -41.57537],
						"2.6667": [-33.98179, 10.12546, -41.57537],
						"3.0": [-43.74129, 3.10131, -39.08475]
					}
				},
				"LarmL": {
					"rotation": [-92.5, 0, 0]
				},
				"HandL": {
					"rotation": {
						"0.5": [-142.65723, -144.82874, -103.05536],
						"0.625": [-110.15723, -144.82874, -103.05536],
						"0.7083": [-110.15723, -144.82874, -103.05536],
						"0.7917": [-142.65723, -144.82874, -103.05536],
						"0.9167": [-110.15723, -144.82874, -103.05536],
						"1.0": [-110.15723, -144.82874, -103.05536],
						"1.0833": [-142.65723, -144.82874, -103.05536],
						"1.2083": [-110.15723, -144.82874, -103.05536],
						"1.2917": [-110.15723, -144.82874, -103.05536],
						"1.375": [-142.65723, -144.82874, -103.05536],
						"2.0": [-142.65723, -144.82874, -103.05536],
						"2.125": [-110.15723, -144.82874, -103.05536],
						"2.2083": [-110.15723, -144.82874, -103.05536],
						"2.2917": [-142.65723, -144.82874, -103.05536],
						"2.4167": [-110.15723, -144.82874, -103.05536],
						"2.5": [-110.15723, -144.82874, -103.05536],
						"2.5833": [-142.65723, -144.82874, -103.05536]
					}
				},
				"LowL": {
					"rotation": [0, -2.5, 0]
				},
				"LfootL": {
					"rotation": [0, -7.5, 0]
				},
				"LfootR": {
					"rotation": [0, 2.5, 0]
				},
				"FootR": {
					"rotation": [0, 7.5, 0]
				},
				"Head": {
					"rotation": {
						"0.0": [0, 5, 0],
						"0.1667": [0, 5, 0],
						"0.5": [0, -15, 0],
						"0.6667": [0, -14.25, 0],
						"0.7917": [0, -15, 0],
						"1.0": [0, -15, 0],
						"1.1667": [-15.41156, -19.82519, 1.37401],
						"1.25": [-11.91156, -19.82519, 1.37401],
						"1.625": [4.58844, -19.82519, 1.37401],
						"1.75": [3.58844, -19.82519, 1.37401],
						"1.8333": [4.58844, -19.82519, 1.37401],
						"2.0": [4.58844, -19.82519, 1.37401],
						"2.25": [0, 25, 0],
						"2.3333": [0, 20.25, 0],
						"2.5": [0, 25, 0],
						"2.7083": [0, 25, 0],
						"3.0": [0, 5, 0]
					}
				},
				"Eyelids": {
					"position": {
						"0.375": [0, 0, 0],
						"0.4583": [0, -0.9, 0],
						"0.5": [0, 0.2, 0],
						"0.5833": [0, 0.1, 0],
						"0.6667": [0, 0, 0],
						"0.75": [0, 0.1, 0],
						"1.7917": [0, 0.1, 0],
						"1.875": [0, 0.6, 0],
						"2.0": [0, 0.1, 0]
					},
					"scale": {
						"0.375": [1, 1, 1],
						"0.4583": [1, 2, 1],
						"0.5417": [1, 1, 1],
						"1.7917": [1, 1, 1],
						"2.0": [1, 1, 1]
					}
				},
				"Jaw": {
					"rotation": {
						"1.1667": [0, 0, 0],
						"1.25": [20, 0, 0],
						"1.3333": [20, 0, 0],
						"1.4167": [0, 0, 0],
						"1.5": [20, 0, 0],
						"1.5833": [20, 0, 0],
						"1.6667": [0, 0, 0],
						"1.7917": [0, 0, 0],
						"1.875": [9.73, 0, 0],
						"1.9583": [9.73, 0, 0],
						"2.25": [0, 0, 0],
						"2.3333": [20, 0, 0],
						"2.4167": [20, 0, 0],
						"2.5": [0, 0, 0],
						"2.5833": [20, 0, 0],
						"2.6667": [20, 0, 0],
						"2.75": [0, 0, 0],
						"2.8333": [20, 0, 0],
						"2.9167": [20, 0, 0],
						"3.0": [0, 0, 0]
					}
				},
				"Iris": {
					"position": {
						"0.0": [0, 0, 0],
						"0.2083": [-0.2, 0, 0],
						"0.4167": [-0.2, 0, 0],
						"0.5": [0.275, 0, 0],
						"0.8333": [0.275, 0, 0],
						"0.9167": [0, 0, 0],
						"1.75": [0, 0, 0],
						"1.8333": [-0.25, 0.1, 0],
						"1.9583": [-0.25, 0.1, 0],
						"2.1667": [0, 0, 0],
						"2.4583": [0.075, 0, 0],
						"2.9583": [0, 0, 0]
						}
					}
				}
			}
		}
	},
	"geckolib_format_version": 2
}