{
	"format_version": "1.8.0",
	"animations": {
		"0": {
			"loop": true,
			"bones": {
				"Pivot": {
					"position": {
						"vector": [0, -0.5, 0]
					}
				},
				"Head": {
					"rotation": {
						"vector": [0, 0, -5]
					}
				},
				"LeftArm": {
					"rotation": {
						"vector": [-112.5, -85, 0]
					}
				},
				"LeftLowerArm": {
					"rotation": {
						"vector": [-46.35707, -12.27659, 12.56853]
					}
				},
				"LeftHand": {
					"rotation": {
						"vector": [-179.11955, 170.03844, 174.92327]
					}
				},
				"RightArm": {
					"rotation": {
						"vector": [-32.27733, 4.02155, 38.83586]
					}
				},
				"RightLowerArm": {
					"rotation": {
						"vector": [-113.9568, -32.61461, 13.46783]
					}
				},
				"RightHand": {
					"rotation": {
						"vector": [-41.65996, 55.46824, -53.34004]
					},
					"position": {
						"vector": [0, -0.75, 1.25]
					}
				},
				"RightLeg": {
					"rotation": {
						"vector": [-4.31693, 19.92066, 2.1809]
					}
				},
				"RightLowerLeg": {
					"rotation": {
						"vector": [10, 0, 0]
					}
				},
				"RightFoot": {
					"rotation": {
						"vector": [-4.99527, -0.21782, -2.4905]
					}
				},
				"LeftLeg": {
					"rotation": {
						"vector": [-6.82801, -15.31183, -2.56988]
					}
				},
				"LeftLowerLeg": {
					"rotation": {
						"vector": [15, 0, 0]
					}
				},
				"LeftFoot": {
					"rotation": {
						"vector": [-7.38696, 1.39173, 2.14007]
					}
				}
			}
		},
		"1": {
			"animation_length": 1.16667,
			"bones": {
				"Body": {
					"rotation": {
						"0.0": {
							"vector": [2.5, 0, 0]
						},
						"0.1667": {
							"vector": [18.4885, -0.23954, 5.4948]
						},
						"0.4167": {
							"vector": [23.05018, -0.68635, -6.2276]
						},
						"0.4583": {
							"vector": [23.05808, 0.29278, -8.52792]
						}
					}
				},
				"Torso": {
					"rotation": {
						"0.0": {
							"vector": [2.5, 0, 0]
						},
						"0.1667": {
							"vector": [18.4885, -0.23954, 5.4948]
						},
						"0.4167": {
							"vector": [23.05018, -0.68635, -6.2276]
						}
					}
				},
				"Neck": {
					"rotation": {
						"vector": [5, 0, 0]
					}
				},
				"Head": {
					"rotation": {
						"0.0": {
							"vector": [0.09422, -0.42533, -14.98135]
						},
						"0.4583": {
							"vector": [-15.17858, 2.68322, 6.86533]
						}
					}
				},
				"Eyes": {
					"position": {
						"0.0": {
							"vector": [0, 0, 0]
						},
						"0.1667": {
							"vector": [0, 0.25, 0]
						},
						"0.25": {
							"vector": [0, -0.5, 0]
						},
						"0.375": {
							"vector": [-0.15, -0.5, 0]
						}
					}
				},
				"Mask": {
					"rotation": {
						"0.0": {
							"vector": [0, 0, 0]
						},
						"0.125": {
							"vector": [-5, 0, 0]
						},
						"0.2083": {
							"vector": [-3, 0, 0]
						},
						"0.4167": {
							"vector": [0, 0, 0]
						}
					}
				},
				"EarR": {
					"rotation": {
						"0.0": {
							"vector": [0, 0, -5]
						},
						"0.0833": {
							"vector": [0, 0, 2.5]
						},
						"0.1667": {
							"vector": [0, 0, -18.5]
						},
						"0.2917": {
							"vector": [0, 0, 2.5]
						},
						"0.375": {
							"vector": [0, 0, -5]
						}
					}
				},
				"EarL": {
					"rotation": {
						"0.0": {
							"vector": [0, 0, 15]
						},
						"0.0833": {
							"vector": [0, 0, 7.5]
						},
						"0.2083": {
							"vector": [0, 0, 25]
						},
						"0.2917": {
							"vector": [0, 0, 7.5]
						},
						"0.4167": {
							"vector": [0, 0, 15]
						}
					}
				},
				"RightArm": {
					"rotation": {
						"0.0": {
							"vector": [24.47133, -16.76552, 13.31523]
						},
						"0.25": {
							"vector": [26.9912, 26.93844, 26.11105]
						},
						"0.4167": {
							"vector": [-17.98288, 12.7314, 30.92948]
						}
					}
				},
				"RightArm2": {
					"rotation": {
						"0.0": {
							"vector": [-40, 0, 0]
						},
						"0.125": {
							"vector": [-67, 0, 0]
						}
					}
				},
				"RightHand": {
					"rotation": {
						"vector": [-9.7089, 4.31546, 0.78763]
					}
				},
				"LeftArm": {
					"rotation": {
						"0.0": {
							"vector": [-9.8356, 14.06951, -23.06819]
						},
						"0.25": {
							"vector": [-48.73912, 13.1754, -52.53987]
						},
						"0.4167": {
							"vector": [-31.46511, -11.39448, -29.34163]
						}
					}
				},
				"LeftArm2": {
					"rotation": {
						"0.0": {
							"vector": [-40, 0, 0]
						},
						"0.125": {
							"vector": [-67, 0, 0]
						}
					}
				},
				"LeftHand": {
					"rotation": {
						"vector": [-174.51481, -176.58684, -176.02016]
					}
				},
				"Fingers": {
					"rotation": {
						"vector": [0, 0, 22.5]
					}
				},
				"LeftLeg": {
					"rotation": {
						"vector": [-0.84583, -18.00733, -3.65402]
					}
				},
				"LeftLeg2": {
					"rotation": {
						"vector": [32.5, 0, 0]
					}
				},
				"FootL": {
					"rotation": {
						"vector": [-13.02831, -11.94756, 4.99478]
					},
					"position": {
						"vector": [0, 0.5, 0]
					}
				},
				"LegR": {
					"rotation": {
						"vector": [-11.85883, 12.28358, 2.48937]
					}
				},
				"LowR": {
					"rotation": {
						"vector": [30, 0, 0]
					}
				},
				"FootR": {
					"rotation": {
						"vector": [-18.61011, 7.67241, -7.21596]
					},
					"position": {
						"vector": [0, 0.35, 0]
					}
				},
				"RightEyelidBottom": {
					"rotation": {
						"0.2917": {
							"vector": [0, 0, 0]
						},
						"0.5": {
							"vector": [-57.5, 0, 0]
						}
					},
					"position": {
						"0.2917": {
							"vector": [0, 0, 0]
						},
						"0.5": {
							"vector": [0, 2.5, 2.5]
						}
					}
				},
				"LeftEyelidBottom": {
					"rotation": {
						"0.2917": {
							"vector": [0, 0, 0]
						},
						"0.5": {
							"vector": [-57.5, 0, 0]
						}
					},
					"position": {
						"0.2917": {
							"vector": [0, 0, 0]
						},
						"0.5": {
							"vector": [0, 2.5, 2.5]
						}
					}
				},
				"upperhead": {
					"rotation": {
						"0.2917": {
							"vector": [0, 0, 0]
						},
						"0.5": {
							"vector": [-45, 0, 0]
						}
					}
				},
				"LeftTop": {
					"rotation": {
						"0.2917": {
							"vector": [0, 0, 0]
						},
						"0.5": {
							"vector": [-87.5, 0, 0]
						}
					}
				},
				"Jaw": {
					"rotation": {
						"0.0": {
							"vector": [20, 0, 0]
						},
						"0.0833": {
							"vector": [0, 0, 0]
						},
						"0.1667": {
							"vector": [32.5, 0, 0]
						},
						"0.25": {
							"vector": [7.5, 0, 0]
						},
						"0.3333": {
							"vector": [35, 0, 0]
						},
						"0.4167": {
							"vector": [-8.5, 0, 0]
						},
						"0.5833": {
							"vector": [8.5, 0, 0]
						}
					}
				},
				"LeftFoot": {
					"rotation": {
						"vector": [-6.37744, -0.11888, 5.35788]
					}
				},
				"Pivot": {
					"position": {
						"vector": [0, -0.25, 0]
					}
				},
				"LeftLowerArm": {
					"rotation": {
						"0.0": {
							"vector": [-9.8356, 14.06951, -23.06819]
						},
						"0.25": {
							"vector": [-55.73238, -27.66671, -3.70131]
						},
						"0.4167": {
							"vector": [-41.41716, 11.539, 6.6833]
						}
					}
				},
				"RightLowerArm": {
					"rotation": {
						"0.0": {
							"vector": [-38.02867, -16.76552, 13.31523]
						},
						"0.25": {
							"vector": [-74.79064, -6.77189, 16.39353]
						},
						"0.4167": {
							"vector": [-46.1091, -6.01293, -18.42655]
						}
					}
				},
				"RightLeg": {
					"rotation": {
						"vector": [0, 0, 2.5]
					}
				},
				"RightLowerLeg": {
					"rotation": {
						"vector": [2.5, 0, 0]
					}
				},
				"RightFoot": {
					"rotation": {
						"vector": [-2.49762, -0.10901, -2.49762]
					}
				},
				"LeftLowerLeg": {
					"rotation": {
						"vector": [10, 0, 0]
					}
				}
			}
		}
	},
	"geckolib_format_version": 2
}