{
	"format_version": "1.8.0",
	"animations": {
		"0": {
			"loop": true,
			"animation_length": 5.5,
			"bones": {
				"Torso": {
					"rotation": {
						"0.0": [0, 17.5, 0],
						"0.5417": [0, -20, 0],
						"0.625": [0, -19, 0],
						"0.7083": [0, -20, 0],
						"0.9583": [0, -20, 0],
						"1.1667": [0, -9, 0],
						"1.375": [0, -9, 0],
						"1.75": [0, 0, 0],
						"2.125": [0, 0, 0],
						"2.5": [0, -23, 0],
						"2.6667": [0, -22, 0],
						"2.7917": [0, -23, 0],
						"2.9167": [0, -23, 0],
						"3.2917": [0, 29.5, 0],
						"3.375": [0, 27.5, 0],
						"3.4583": [0, 29.5, 0],
						"3.7917": [0, 29.5, 0],
						"4.25": [0, 29.5, 0],
						"4.3333": [0, 25.5, 0],
						"4.4167": [0, 29.5, 0],
						"4.9583": [0, 17.5, 0],
						"5.5": [0, 17.5, 0]
					}
				},
				"EarL": {
					"rotation": {
						"1.4583": [0, 0, 0],
						"1.6667": [0, 0, -5],
						"1.8333": [0, 0, 7.54],
						"2.2083": [0, 0, 0],
						"3.2083": [0, 0, 0],
						"3.2917": [0, 0, 15],
						"3.375": [0, 0, 10],
						"3.5417": [0, 0, 10],
						"3.7917": [0, 0, 0]
					}
				},
				"Top2": {
					"rotation": {
						"0.0": [15, 0, 0],
						"1.0": [15, 0, 0],
						"1.1667": [67.5, 0, 0],
						"1.25": [52.5, 0, 0],
						"1.375": [67.5, 0, 0],
						"1.5833": [-7, 0, 0],
						"1.6667": [14, 0, 0],
						"1.7917": [15, 0, 0],
						"5.5": [15, 0, 0]
					}
				},
				"EarR": {
					"rotation": {
						"1.125": [0, 0, 0],
						"1.2917": [14, 0, 0],
						"1.4583": [7.76, 0, 0],
						"1.5417": [0, 0, 0],
						"1.6667": [0, 0, -5],
						"1.8333": [0, 0, 4.56],
						"2.2083": [0, 0, 0],
						"3.1667": [0, 0, 0],
						"3.25": [0, 0, -15],
						"3.3333": [0, 0, -9],
						"3.5": [0, 0, -9],
						"3.6667": [0, 0, 0]
					}
				},
				"Top": {
					"rotation": {
						"1.0": [15, 0, 0],
						"1.1667": [67.5, 0, 0],
						"1.25": [52.5, 0, 0],
						"1.375": [67.5, 0, 0],
						"1.7083": [-7, 0, 0],
						"1.7917": [14, 0, 0],
						"1.9167": [15, 0, 0],
						"4.125": [15, 0, 0],
						"4.4167": [53, 0, 0],
						"4.4583": [48, 0, 0],
						"4.5833": [8, 0, 0],
						"4.75": [28, 0, 0],
						"4.875": [15, 0, 0]
					}
				},
				"LeftArm": {
					"rotation": {
						"0.0": [-17.2007, 17.31374, -19.74584],
						"5.5": [-17.2007, 17.31374, -19.74584]
					}
				},
				"LeftArmLower": {
					"rotation": {
						"0.0": [-117.5, 0, 0],
						"5.5": [-117.5, 0, 0]
					}
				},
				"RightArm": {
					"rotation": {
						"0.0": [-11.37455, -8.12575, 21.44623],
						"5.5": [-11.37455, -8.12575, 21.44623]
					}
				},
				"RightArmLower": {
					"rotation": {
						"0.0": [-87.53325, -27.66342, 60.34213],
						"5.5": [-87.53325, -27.66342, 60.34213]
					}
				},
				"right_hand": {
					"rotation": {
						"0.0": [-45.28089, 35.39626, -60.16243],
						"0.7083": [-45.28089, 35.39626, -60.16243],
						"0.8333": [-67.78089, 35.39626, -60.16243],
						"0.9167": [-45.28089, 35.39626, -60.16243],
						"1.0417": [-67.78089, 35.39626, -60.16243],
						"1.1667": [-45.28089, 35.39626, -60.16243],
						"1.25": [-67.78089, 35.39626, -60.16243],
						"1.375": [-45.28089, 35.39626, -60.16243],
						"1.5": [-67.78089, 35.39626, -60.16243],
						"1.5833": [-45.28089, 35.39626, -60.16243],
						"1.7083": [-67.78089, 35.39626, -60.16243],
						"1.875": [-45.28089, 35.39626, -60.16243],
						"2.9583": [-45.28089, 35.39626, -60.16243],
						"3.0833": [-67.78089, 35.39626, -60.16243],
						"3.1667": [-45.28089, 35.39626, -60.16243],
						"3.2917": [-67.78089, 35.39626, -60.16243],
						"3.4167": [-45.28089, 35.39626, -60.16243],
						"3.5": [-67.78089, 35.39626, -60.16243],
						"3.625": [-45.28089, 35.39626, -60.16243],
						"3.75": [-67.78089, 35.39626, -60.16243],
						"3.8333": [-45.28089, 35.39626, -60.16243],
						"3.9583": [-67.78089, 35.39626, -60.16243],
						"4.2917": [-45.28089, 35.39626, -60.16243],
						"5.5": [-45.28089, 35.39626, -60.16243]
					},
					"position": {
						"0.0": [-0.25, 0, -0.5],
						"5.5": [-0.25, 0, -0.5]
					}
				},
				"bone9": {
					"rotation": {
						"0.0": [0, -10, 0],
						"5.5": [0, -10, 0]
					}
				},
				"bone8": {
					"rotation": {
						"0.0": [0, 10, 0],
						"5.5": [0, 10, 0]
					}
				},
				"Eyelids": {
					"rotation": {
						"0.2083": [40, 0, 0],
						"0.375": [0, 0, 0],
						"1.2917": [0, 0, 0],
						"1.375": [76.45, 0, 0],
						"1.5": [0.55, 0, 0],
						"1.5833": [11.55, 0, 0],
						"1.6667": [0, 0, 0],
						"3.75": [0, 0, 0],
						"3.8333": [76.45, 0, 0],
						"3.9583": [0.55, 0, 0],
						"4.0417": [11.55, 0, 0],
						"4.125": [0, 0, 0],
						"4.75": [0, 0, 0],
						"4.9583": [40, 0, 0]
					}
				},
				"Body": {
					"rotation": {
						"0.0": [0, 17.5, 0],
						"0.5417": [0, -20, 0],
						"0.625": [0, -19, 0],
						"0.7083": [0, -20, 0],
						"0.9583": [0, -20, 0],
						"1.1667": [0, -9, 0],
						"1.375": [0, -9, 0],
						"1.75": [0, 0, 0],
						"2.125": [0, 0, 0],
						"2.5": [0, -23, 0],
						"2.6667": [0, -22, 0],
						"2.7917": [0, -23, 0],
						"2.9167": [0, -23, 0],
						"3.2917": [0, 29.5, 0],
						"3.375": [0, 27.5, 0],
						"3.4583": [0, 29.5, 0],
						"3.7917": [0, 29.5, 0],
						"4.25": [0, 29.5, 0],
						"4.3333": [0, 25.5, 0],
						"4.4167": [0, 29.5, 0],
						"4.9583": [0, 17.5, 0],
						"5.5": [0, 17.5, 0]
					}
				},
				"RightEyelid": {
					"rotation": {
						"0.2083": [40, 0, 0],
						"0.375": [0, 0, 0],
						"1.2917": [0, 0, 0],
						"1.375": [76.45, 0, 0],
						"1.5": [0.55, 0, 0],
						"1.5833": [11.55, 0, 0],
						"1.6667": [0, 0, 0],
						"3.75": [0, 0, 0],
						"3.8333": [76.45, 0, 0],
						"3.9583": [0.55, 0, 0],
						"4.0417": [11.55, 0, 0],
						"4.125": [0, 0, 0],
						"4.75": [0, 0, 0],
						"4.9583": [40, 0, 0]
					},
					"scale": {
						"0.0": [1, 1, 0.6],
						"5.5": [1, 1, 0.6]
					}
				},
				"RightEarTop": {
					"rotation": {
						"1.0": [15, 0, 0],
						"1.1667": [67.5, 0, 0],
						"1.25": [52.5, 0, 0],
						"1.375": [67.5, 0, 0],
						"1.7083": [-7, 0, 0],
						"1.7917": [14, 0, 0],
						"1.9167": [15, 0, 0],
						"4.125": [15, 0, 0],
						"4.4167": [53, 0, 0],
						"4.4583": [48, 0, 0],
						"4.5833": [8, 0, 0],
						"4.75": [28, 0, 0],
						"4.875": [15, 0, 0]
					}
				},
				"LeftEarTop": {
					"rotation": {
						"0.0": [15, 0, 0],
						"1.0": [15, 0, 0],
						"1.1667": [67.5, 0, 0],
						"1.25": [52.5, 0, 0],
						"1.375": [67.5, 0, 0],
						"1.5833": [-7, 0, 0],
						"1.6667": [14, 0, 0],
						"1.7917": [15, 0, 0],
						"5.5": [15, 0, 0]
					}
				},
				"Banjo": {
					"rotation": {
						"0.0": [-40.65562, 13.798, -40.07913],
						"5.5": [-40.65562, 13.798, -40.07913]
					},
					"position": {
						"0.0": [-3, 0.25, -2.5],
						"5.5": [-3, 0.25, -2.5]
					}
				},
				"Head": {
					"rotation": {
						"0.0": [-10, -12.5, 0],
						"0.1667": [9, -12.5, 0],
						"0.25": [8.86262, -7.56055, 0.78806],
						"0.3333": [9.03617, -13.48764, -0.16086],
						"0.5417": [9, -12.5, 0],
						"0.9167": [9, -12.5, 0],
						"1.3333": [-7.6351, 15.06157, -5.79344],
						"1.5": [-7.6351, 15.06157, -5.79344],
						"1.625": [-3.97796, 16.38306, 7.64453],
						"1.7083": [-4.85099, 16.15209, 4.52865],
						"1.8333": [-3.97796, 16.38306, 7.64453],
						"2.2083": [0, -17.5, 0],
						"2.625": [0, -17.5, 0],
						"2.875": [0, 2.5, 0],
						"2.9583": [0, -5.5, 0],
						"3.0833": [0, 2.5, 0],
						"3.4167": [0, 2.5, 0],
						"3.625": [0, -12.5, 0],
						"3.75": [-7.5, -12.5, 0],
						"4.0": [-8.09449, 25.17401, -5.0942],
						"4.25": [-8.09449, 25.17401, -5.0942],
						"4.6667": [-7.89498, -21.91484, 1.33058],
						"4.9167": [-10, -12.5, 0],
						"5.5": [-10, -12.5, 0]
					}
				},
				"RightEar": {
					"rotation": {
						"1.125": [0, 0, 0],
						"1.2917": [14, 0, 0],
						"1.4583": [7.76, 0, 0],
						"1.5417": [0, 0, 0],
						"1.6667": [0, 0, -5],
						"1.8333": [0, 0, 4.56],
						"2.2083": [0, 0, 0],
						"3.1667": [0, 0, 0],
						"3.25": [0, 0, -15],