{
	"format_version": "1.8.0",
	"animations": {
		"0": {
			"loop": true,
			"bones": {
				"Pivot": {
					"rotation": {
						"vector": [0, 2.5, 0]
					},
					"position": {
						"vector": [0, -0.25, 0]
					}
				},
				"Body": {
					"rotation": {
						"vector": [37.60583, -3.98157, -2.27665]
					}
				},
				"Head": {
					"rotation": {
						"vector": [-33.61951, -6.81379, -11.01884]
					}
				},
				"LeftArm": {
					"rotation": {
						"vector": [-82.23053, -26.37584, -22.95108]
					}
				},
				"LeftArm2": {
					"rotation": {
						"vector": [-62.08959, 31.19147, -22.66798]
					}
				},
				"LeftHand": {
					"rotation": {
						"vector": [37.25078, -17.93087, -89.17129]
					}
				},
				"RightArm": {
					"rotation": {
						"vector": [11.17029, -10.77071, 15.44111]
					}
				},
				"RightArm2": {
					"rotation": {
						"vector": [-60, 0, 0]
					}
				},
				"RightHand": {
					"rotation": {
						"vector": [52.30048, 37.75253, 34.52943]
					}
				},
				"RightLeg": {
					"rotation": {
						"vector": [-4.08725, 10.82637, 4.99428]
					}
				},
				"LeftLeg": {
					"rotation": {
						"vector": [-0.9661, -18.13169, -2.84169]
					}
				},
				"LeftLeg2": {
					"rotation": {
						"vector": [15, 0, 0]
					}
				},
				"LeftFoot": {
					"rotation": {
						"vector": [-12.4912, 1.16868, 2.25798]
					},
					"position": {
						"vector": [0, -0.25, -0.25]
					}
				},
				"Jaw": {
					"rotation": {
						"vector": [2.5, 0, 0]
					}
				},
				"Eyelids": {
					"position": {
						"vector": [0, 0.375, 0]
					}
				},
				"RightEye": {
					"position": {
						"vector": [0, 0.05, 0]
					}
				}
			}
		},
		"1": {
			"loop": true,
			"animation_length": 1.16667,
			"bones": {
				"Body": {
					"rotation": {
						"0.0": {
							"vector": [2.5, 0, 0]
						},
						"0.1667": {
							"vector": [18.4885, -0.23954, 5.4948]
						},
						"0.4167": {
							"vector": [23.05018, -0.68635, -6.2276]
						}
					}
				},
				"Torso": {
					"rotation": {
						"0.0": {
							"vector": [2.5, 0, 0]
						},
						"0.1667": {
							"vector": [18.4885, -0.23954, 5.4948]
						},
						"0.4167": {
							"vector": [23.05018, -0.68635, -6.2276]
						}
					}
				},
				"Neck": {
					"rotation": {
						"vector": [5, 0, 0]
					}
				},
				"Head": {
					"rotation": {
						"0.0": {
							"vector": [0.09422, -0.42533, -14.98135]
						},
						"0.0833": {
							"vector": [5.62445, -6.83206, -42.60665]
						},
						"0.2083": {
							"vector": [-15.91555, -0.82218, -16.05539]
						},
						"0.2917": {
							"vector": [-21.6092, -20.55529, -34.78033]
						},
						"0.4583": {
							"vector": [-15.06815, -3.25828, -14.84605]
						}
					}
				},
				"Eyes": {
					"position": {
						"0.0": {
							"vector": [0, 0, 0]
						},
						"0.1667": {
							"vector": [0, 0.25, 0]
						},
						"0.25": {
							"vector": [0, -0.5, 0]
						},
						"0.375": {
							"vector": [-0.15, -0.5, 0]
						}
					}
				},
				"Mask": {
					"rotation": {
						"0.0": {
							"vector": [0, 0, 0]
						},
						"0.125": {
							"vector": [-5, 0, 0]
						},
						"0.2083": {
							"vector": [-3, 0, 0]
						},
						"0.4167": {
							"vector": [0, 0, 0]
						}
					}
				},
				"EarR": {
					"rotation": {
						"0.0": {
							"vector": [0, 0, -5]
						},
						"0.0833": {
							"vector": [0, 0, 2.5]
						},
						"0.1667": {
							"vector": [0, 0, -18.5]
						},
						"0.2917": {
							"vector": [0, 0, 2.5]
						},
						"0.375": {
							"vector": [0, 0, -5]
						}
					}
				},
				"EarL": {
					"rotation": {
						"0.0": {
							"vector": [0, 0, 15]
						},
						"0.0833": {
							"vector": [0, 0, 7.5]
						},
						"0.2083": {
							"vector": [0, 0, 25]
						},
						"0.2917": {
							"vector": [0, 0, 7.5]
						},
						"0.4167": {
							"vector": [0, 0, 15]
						}
					}
				},
				"RightArm": {
					"rotation": {
						"0.0": {
							"vector": [24.47133, -16.76552, 13.31523]
						},
						"0.25": {
							"vector": [26.9912, 26.93844, 26.11105]
						},
						"0.4167": {
							"vector": [-17.98288, 12.7314, 30.92948]
						}
					}
				},
				"RightArm2": {
					"rotation": {
						"0.0": {
							"vector": [-40, 0, 0]
						},
						"0.125": {
							"vector": [-67, 0, 0]
						}
					}
				},
				"RightHand": {
					"rotation": {
						"vector": [-9.7089, 4.31546, 0.78763]
					}
				},
				"LeftArm": {
					"rotation": {
						"0.0": {
							"vector": [-9.8356, 14.06951, -23.06819]
						},
						"0.25": {
							"vector": [-48.73912, 13.1754, -52.53987]
						},
						"0.4167": {
							"vector": [-31.46511, -11.39448, -29.34163]
						}
					}
				},
				"LeftArm2": {
					"rotation": {
						"0.0": {
							"vector": [-40, 0, 0]
						},
						"0.125": {
							"vector": [-67, 0, 0]
						}
					}
				},
				"LeftHand": {
					"rotation": {
						"vector": [-174.51481, -176.58684, -176.02016]
					}
				},
				"Fingers": {
					"rotation": {
						"vector": [0, 0, 22.5]
					}
				},
				"LeftLeg": {
					"rotation": {
						"vector": [-10.84583, -18.00733, -3.65402]
					}
				},
				"LeftLeg2": {
					"rotation": {
						"vector": [32.5, 0, 0]
					}
				},
				"FootL": {
					"rotation": {
						"vector": [-13.02831, -11.94756, 4.99478]
					},
					"position": {
						"vector": [0, 0.5, 0]
					}
				},
				"LegR": {
					"rotation": {
						"vector": [-11.85883, 12.28358, 2.48937]
					}
				},
				"LowR": {
					"rotation": {
						"vector": [30, 0, 0]
					}
				},
				"FootR": {
					"rotation": {
						"vector": [-18.61011, 7.67241, -7.21596]
					},
					"position": {
						"vector": [0, 0.35, 0]
					}
				},
				"RightEyelidBottom": {
					"rotation": {
						"0.2917": {
							"vector": [0, 0, 0]
						},
						"0.5": {
							"vector": [-57.5, 0, 0]
						}
					},
					"position": {
						"0.2917": {
							"vector": [0, 0, 0]
						},
						"0.5": {
							"vector": [0, 2.5, 2.5]
						}
					}
				},
				"LeftEyelidBottom": {
					"rotation": {
						"0.2917": {
							"vector": [0, 0, 0]
						},
						"0.5": {
							"vector": [-57.5, 0, 0]
						}
					},
					"position": {
						"0.2917": {
							"vector": [0, 0, 0]
						},
						"0.5": {
							"vector": [0, 2.5, 2.5]
						}
					}
				},
				"upperhead": {
					"rotation": {
						"0.2917": {
							"vector": [0, 0, 0]
						},
						"0.5": {
							"vector": [-45, 0, 0]
						}
					}
				},
				"LeftTop": {
					"rotation": {
						"0.2917": {
							"vector": [0, 0, 0]
						},
						"0.5": {
							"vector": [-87.5, 0, 0]
						}
					}
				},
				"Jaw": {
					"rotation": {
						"0.0": {
							"vector": [20, 0, 0]
						},
						"0.0833": {
							"vector": [0, 0, 0]
						},
						"0.1667": {
							"vector": [32.5, 0, 0]
						},
						"0.25": {
							"vector": [7.5, 0, 0]
						},
						"0.3333": {
							"vector": [35, 0, 0]
						},
						"0.4167": {
							"vector": [-8.5, 0, 0]
						},
						"0.5833": {
							"vector": [8.5, 0, 0]
						}
					}
				},
				"LeftFoot": {
					"rotation": {
						"vector": [-12.5, 0, 0]
					}
				}
			}
		}
	},
	"geckolib_format_version": 2
}